{"queri":0.69720827511675,"cours":7.6743980046945e-7,"armi":4.3918325290566e-6,"hack":8.7836650581135e-6,"pokemon":0.006183583777675,"nintendo":0.0031181428840118,"netflix":7.0269320464905e-5,"navi":0.00018284498739954,"hei":0.00093997744182375,"oh":0.38506336512435,"god":0.32730110007769,"what":0.0015415041118898,"fly":0.01503963906918,"dive":0.03007927813836,"awesom":0.06015855627672,"dude":0.12031711255344,"result":0.05950742039546,"stop":0.18476877033691,"80":2.3075602584206}