{"research":2.8569529281178e-6,"am":2.8569529281178e-6,"dont":4.3918325290566e-6,"reasearch":5.7139058562355e-6,"maniac":3.5210575232248e-5,"scotland":3.8691390612204e-5,"ship":0.00014084230092899,"sensat":0.00028168460185799,"music":0.0003669046147958,"health":0.00052007174488605,"africa":0.0015765752713483,"canada":0.0038300520862122,"video":0.0040042405456635,"polish":0.018027814518911,"sweden":0.036055629037822,"switzerland":0.061280833379396,"comput":0.10090081736629,"farm":0.24512333351758,"im":0.11919189473369,"issu":0.12350394920163,"anim":0.80720653893034,"cluster":2.3075602584206}